<?xml version="1.0" encoding="UTF-8"?>
<beans xmlns="http://www.springframework.org/schema/beans"
	xmlns:context="http://www.springframework.org/schema/context"
	xmlns:xsi="http://www.w3.org/2001/XMLSchema-instance"
	xsi:schemaLocation="
 http://www.springframework.org/schema/beans
 http://www.springframework.org/schema/beans/spring-beans.xsd
 http://www.springframework.org/schema/context
 http://www.springframework.org/schema/context/spring-context.xsd">
 
 <bean id="addressBean1" class="com.capgemini.trg.model.Address">
 <constructor-arg index="0" value="3-4-123"></constructor-arg>
 <constructor-arg index="1" value="king street"></constructor-arg>
 <constructor-arg index="2" value="Chennai"></constructor-arg>
 <constructor-arg index="3" value="600110"></constructor-arg>
 </bean>
 <bean id="addressBean2" class="com.capgemini.trg.model.Address">
 <property name="houseNumber" value=" 3-6-124"/>
<property name="street" value="Ran street"/>
 <property name="city" value="New Delhi"/>
 <property name="zipcode" value="543098"/>
 </bean>
<bean id ="personBean" class="com.capgemini.trg.model.Person">
<property name="adharnumber" value="123654789632"/>
<property name="name" value="sriniva"/><!-- wiring address bean to person bean -->
<property name="residentialAddress" ref="addressBean1"/>
<property name="parmanentAddress" ref="addressBean2"/>
</bean> 
 

 
 </beans>