<?xml version="1.0" encoding="UTF-8"?>
<beans xmlns="http://www.springframework.org/schema/beans"
	xmlns:context="http://www.springframework.org/schema/context"
	xmlns:xsi="http://www.w3.org/2001/XMLSchema-instance"
	xsi:schemaLocation="
 http://www.springframework.org/schema/beans
 http://www.springframework.org/schema/beans/spring-beans.xsd
 http://www.springframework.org/schema/context
 http://www.springframework.org/schema/context/spring-context.xsd">

	<bean id="helloWorldBean" class="com.capgemini.trg.model.HelloWorld"></bean>

	<bean id="converterBean1" class="com.capgemini.trg.model.CurrencyConverterImpl">
		<property name="exchange" value="72.9"></property>
	</bean>
	<bean id="converterBean2" class="com.capgemini.trg.model.CurrencyConverterImpl">
		<!-- <constructor-arg index="0" value="68.5"></constructor-arg> -->
		<constructor-arg name="exchange" value="68.5"></constructor-arg>
	</bean>
	<bean id="countryBean" class="com.capgemini.trg.model.Country">
		<property name="countryList">
			<list>
				<value>India</value>
				<value>SriLanka</value>
				<value>India</value>
				<value>USA</value>
			</list>
		</property>
		<property name="countrySet">
			<set>
				<value>India</value>
				<value>SriLanka</value>
				<value>USA</value>	
				<value>India</value>
			</set>
		</property>
		<property name="countryMap">
			<map>
				<entry key ="India" value ="Delhi"></entry>
				<entry key ="SriLanka" value ="Colombo"></entry>
				<entry key ="USA" value ="Washington DC"></entry>
				<entry key ="India" value =" New Delhi"></entry>
			</map>
		</property>

	</bean>
</beans>